{
  "feature_names": [
    "volatile acidity",
    "citric acid",
    "chlorides",
    "free sulfur dioxide",
    "total sulfur dioxide",
    "pH",
    "sulphates",
    "alcohol"
  ],
  "feature_stats": {
    "volatile acidity": {
      "min": 0.12,
      "max": 1.58,
      "mean": 0.5278205128205128,
      "median": 0.52,
      "std": 0.17905970415353537
    },
    "citric acid": {
      "min": 0.0,
      "max": 1.0,
      "mean": 0.2709756097560976,
      "median": 0.26,
      "std": 0.19480113740531857
    },
    "chlorides": {
      "min": 0.012,
      "max": 0.611,
      "mean": 0.08746654158849279,
      "median": 0.079,
      "std": 0.0470653020100901
    },
    "free sulfur dioxide": {
      "min": 1.0,
      "max": 72.0,
      "mean": 15.874921826141339,
      "median": 14.0,
      "std": 10.460156969809725
    },
    "total sulfur dioxide": {
      "min": 6.0,
      "max": 289.0,
      "mean": 46.46779237023139,
      "median": 38.0,
      "std": 32.895324478299074
    },
    "pH": {
      "min": 2.74,
      "max": 4.01,
      "mean": 3.3111131957473416,
      "median": 3.31,
      "std": 0.15438646490354277
    },
    "sulphates": {
      "min": 0.33,
      "max": 2.0,
      "mean": 0.6581488430268917,
      "median": 0.62,
      "std": 0.16950697959010996
    },
    "alcohol": {
      "min": 8.4,
      "max": 14.9,
      "mean": 10.422983114446529,
      "median": 10.2,
      "std": 1.0656675818473946
    }
  },
  "cv_accuracy": 0.741193204880038,
  "cv_f1": 0.7551175350334046,
  "cv_auc": 0.8152922012235905,
  "test_accuracy": 0.759375,
  "test_f1": 0.7768115942028986,
  "test_auc": 0.8092485549132946,
  "model_type": "Logistic Regression",
  "n_features": 8,
  "n_training_samples": 1599,
  "coefficients": {
    "volatile acidity": -0.5558678205086828,
    "citric acid": -0.15002370358823913,
    "chlorides": -0.215236166522117,
    "free sulfur dioxide": 0.2533968117726835,
    "total sulfur dioxide": -0.5703282218956106,
    "pH": -0.17329498474884353,
    "sulphates": 0.46467527560934124,
    "alcohol": 0.9668540097334591
  },
  "intercept": 0.24113444810074247,
  "scaler_mean": {
    "volatile acidity": 0.5278205128205128,
    "citric acid": 0.2709756097560976,
    "chlorides": 0.08746654158849279,
    "free sulfur dioxide": 15.874921826141339,
    "total sulfur dioxide": 46.46779237023139,
    "pH": 3.3111131957473416,
    "sulphates": 0.6581488430268917,
    "alcohol": 10.422983114446529
  },
  "scaler_std": {
    "volatile acidity": 0.17900370424469014,
    "citric acid": 0.19474021445233364,
    "chlorides": 0.04705058260331571,
    "free sulfur dioxide": 10.45688561493072,
    "total sulfur dioxide": 32.88503665178374,
    "pH": 0.15433818141060165,
    "sulphates": 0.16945396724179546,
    "alcohol": 1.0653343003437483
  }
}